name,x,y
longley,427345,562553
longley,434314,563340
longley,434468,566971
longley,445586,566829
longley,437748,557036
longley,444336,559165
longley,436324,559025
longley,441059,561136
longley,477538,161104
longley,538557,157058
longley,536420,271769
longley,508366,429420
longley,510563,432224
longley,473242,251821
longley,376873,251837
longley,378898,250745
longley,376337,254517
longley,377501,252288
longley,378417,255120
longley,321407,522574
longley,325528,527171
longley,302462,516897
longley,335664,369027
longley,332613,371845
longley,385238,362297
longley,384566,360254
longley,383473,368398
longley,375524,365161
longley,372970,366256
longley,366964,347818
longley,369005,357308
longley,338360,379353
longley,358090,374172
longley,365980,373648
longley,356688,382385
longley,379955,432161
longley,381835,435842
longley,381516,426851
longley,376758,431649
longley,351326,420326
longley,351225,419681
longley,329063,432167
longley,332946,425441
longley,353052,474274
longley,350782,466271
longley,349566,471846
longley,351718,433708
longley,374595,447258
longley,382638,419515
longley,353167,408481
longley,344992,401092
longley,346805,410315
longley,346034,406190
longley,370161,424527
longley,368953,427901
longley,372908,425587
longley,336621,435257
longley,333343,435428
longley,334744,431873
longley,326479,437528
longley,378104,395239
longley,378463,396499
longley,379245,395902
longley,391331,395670
longley,384753,390308
longley,386816,397253
longley,382250,391706
longley,389447,396287
longley,388799,402058
longley,396471,403072
longley,391005,404065
longley,394124,394204
longley,394843,397970
longley,398567,399146
longley,392798,403511
longley,393748,406348
longley,394223,405130
longley,396541,394587
longley,396257,402612
longley,393792,397089
longley,393194,395517
longley,395588,398591
longley,394574,397474
longley,386651,398219
longley,388346,394249
longley,390131,399381
longley,378433,390895
longley,376647,386264
longley,372303,391233
longley,371917,392049
longley,378650,390790
longley,376472,385803
longley,372402,397158
longley,183750,50503
longley,458343,303577
longley,454029,307205
longley,395568,396221
longley,380421,395323
longley,352237,453946
longley,397156,394261
longley,444804,501406
longley,442516,147265
longley,550591,171985
longley,551607,175201
longley,542797,167678
longley,550723,170827
longley,544228,180349
longley,541429,174793
longley,550639,178502
longley,547553,179178
longley,549359,178941
longley,546508,174255
longley,522389,436121
longley,521614,430886
longley,537287,172887
longley,537359,169372
longley,534361,163942
longley,539160,170649
longley,545221,163230
longley,530347,175459
longley,538415,170490
longley,534442,164691
longley,545961,167319
longley,547675,166862
longley,544868,165218
longley,544074,167558
longley,545440,171094
longley,539791,164807
longley,543403,168637
longley,537864,160059
longley,538686,166564
longley,539098,163628
longley,536704,170272
longley,543368,168743
longley,537420,164362
longley,535721,157023
longley,532405,160844
longley,529151,168960
longley,533845,163091
longley,534994,166646
longley,532565,161372
longley,537685,158423
longley,538113,171188
longley,533621,163600
longley,534740,162664
longley,538096,167159
longley,538655,164368
longley,528975,166690
longley,533888,162504
longley,538613,164427
longley,528670,162765
longley,536222,180908
longley,533325,189330
longley,529936,183346
longley,526219,189927
longley,527989,187076
longley,556279,183918
longley,549880,188421
longley,512773,181456
longley,507944,181196
longley,505058,182541
longley,514001,182969
longley,513873,177903
longley,512296,187819
longley,516239,178422
longley,518114,175974
longley,517872,163751
longley,520046,164734
longley,519382,171901
longley,522858,172505
longley,517338,172462
longley,519803,166440
longley,522007,170610
longley,519857,172289
longley,522252,162494
longley,520561,166272
longley,523849,169395
longley,518833,169210
longley,520440,163608
longley,518540,167973
longley,519644,165964
longley,522157,168231
longley,520606,166022
longley,513741,162581
longley,560878,221829
longley,530801,172410
longley,529780,170592
longley,535650,176737
longley,532270,172556
longley,529666,175309
longley,533596,172252
longley,529612,174367
longley,541308,178491
longley,532653,170273
longley,541120,175064
longley,536950,178862
longley,542366,179409
longley,538123,180447
longley,538765,190718
longley,544486,191623
longley,517713,168945
longley,519249,176379
longley,518489,176075
longley,516161,178268
longley,382420,349185
longley,378931,348201
longley,377854,346759
longley,375627,339906
longley,534531,189881
longley,527217,173809
longley,523148,171799
longley,530342,176717
longley,532625,175815
longley,523332,178540
longley,528249,178487
longley,532854,168614
longley,547732,178173
longley,543543,198221
longley,529045,162347
longley,531235,188213
longley,515137,175849
longley,515450,179246
longley,519669,170756
longley,482213,120962
longley,461923,455049
longley,551699,290732
longley,557929,282938
longley,481253,404374
longley,476656,405721
longley,346216,91206
longley,372210,100616
longley,572920,108575
longley,578279,111259
longley,567850,134405
longley,575491,106297
longley,490322,158012
longley,311561,114935
longley,311875,124091
longley,315332,124957
longley,311785,121909
longley,477366,446399
longley,500165,426681
longley,566701,158864
longley,571235,159187
longley,560108,156235
longley,443079,366269
longley,439833,376934
longley,436506,340422
longley,442887,342586
longley,446783,329439
longley,444407,333296
longley,431431,457392
longley,425564,455698
longley,432165,458186
longley,430940,450352
longley,432585,368738
longley,431889,369683
longley,449294,378069
longley,441103,377180
longley,434086,378716
longley,437703,374812
longley,440016,380793
longley,430236,377184
longley,440247,380881
longley,442247,380274
longley,448074,383372
longley,445394,374195
longley,440082,338661
longley,440458,337625
longley,439156,334348
longley,438210,334603
longley,443629,337195
longley,439273,339570
longley,435451,334853
longley,443285,339993
longley,443349,333878
longley,458619,311672
longley,463301,314214
longley,463251,317900
longley,454289,310820
longley,449970,320380
longley,452415,316391
longley,464500,317075
longley,465938,318908
longley,462520,319835
longley,452925,319539
longley,448866,319806
longley,468723,306504
longley,470076,289643
longley,472349,282339
longley,472654,287147
longley,475142,332315
longley,470994,318407
longley,474618,331442
longley,440120,315514
longley,444037,311767
longley,553375,370074
longley,552680,368718
longley,541567,315375
longley,492794,348150
longley,493068,346357
longley,506535,385745
longley,513670,389954
longley,506336,389547
longley,506931,292134
longley,498596,262256
longley,496602,266566
longley,498872,272121
longley,498853,268753
longley,494830,276676
longley,475625,243388
longley,448982,357887
longley,450103,349845
longley,456103,347981
longley,457195,346032
longley,473222,378878
longley,468322,377730
longley,472285,374861
longley,465609,377453
longley,464996,338141
longley,454812,346435
longley,458126,340162
longley,462715,346617
longley,463095,347616
longley,455549,353218
longley,461211,347868
longley,462782,349508
longley,464404,360163
longley,458949,359663
longley,482504,351944
longley,477482,349964
longley,460216,336056
longley,452853,338462
longley,451817,339569
longley,448964,345267
longley,454197,337769
longley,450939,340766
longley,448273,343263
longley,448401,338298
longley,455220,345425
longley,453386,343208
longley,455275,341777
longley,456504,340619
longley,456136,342343
longley,402391,306793
longley,396961,307903
longley,401374,308189
longley,398565,313671
longley,402057,313817
longley,383363,340555
longley,390433,339597
longley,396513,337417
longley,469379,287195
longley,501824,382374
longley,457219,339332
longley,465147,343747
longley,455229,345696
longley,455057,345763
longley,224879,101455
longley,493267,175085
longley,494014,182567
longley,331925,441415
longley,333422,434941
longley,333342,438603
longley,537175,166110
longley,545725,211766
longley,385142,395098
longley,364144,493461
longley,355965,494757
longley,355692,497423
longley,380914,487800
longley,381083,492796
longley,378771,493236
longley,171729,26644
longley,166021,23580
longley,220055,106352
longley,219929,103384
longley,221823,106936
longley,217793,103050
longley,224544,103714
longley,217928,107293
longley,295465,96529
longley,293545,92364
longley,291722,52969
longley,261257,51686
longley,268764,61420
longley,276308,46044
longley,270843,39461
longley,286844,66902
longley,276789,103806
longley,311206,112367
longley,267250,103976
longley,247133,53473
longley,247514,56048
longley,252426,54514
longley,252375,59130
longley,250643,58768
longley,251844,53057
longley,252413,59109
longley,247586,52576
longley,246127,56720
longley,248816,57747
longley,246031,58188
longley,251130,59817
longley,247378,52273
longley,246413,61262
longley,248362,59788
longley,290308,59858
longley,283311,62563
longley,288310,58143
longley,289912,61034
longley,291518,64786
longley,292633,62750
longley,420407,89152
longley,393504,93251
longley,406556,76163
longley,404545,75733
longley,350015,99652
longley,345390,95899
longley,346755,97712
longley,349895,95751
longley,344694,90757
longley,402458,95391
longley,411526,92050
longley,408337,87595
longley,409415,87791
longley,398948,99058
longley,397825,98921
longley,403804,91660
longley,402470,93787
longley,396504,98668
longley,402883,93343
longley,247022,126195
longley,185211,71304
longley,188473,70348
longley,246170,63409
longley,281428,51102
longley,280362,54126
longley,278724,57045
longley,525006,471062
longley,517724,475494
longley,518780,467304
longley,525629,473762
longley,499515,429657
longley,475394,426006
longley,472015,429141
longley,474547,420103
longley,501581,424868
longley,504534,430742
longley,521604,445157
longley,518378,449732
longley,497487,433817
longley,499662,432887
longley,520237,429942
longley,503980,429594
longley,524717,427233
longley,515532,427087
longley,521985,429504
longley,499736,421561
longley,530246,430155
longley,535566,423740
longley,476988,446339
longley,484913,444659
longley,493142,445825
longley,483475,436560
longley,486174,444076
longley,484137,449230
longley,488798,441520
longley,484092,439192
longley,395189,456230
longley,399192,453090
longley,403728,451507
longley,430762,460227
longley,424858,452189
longley,413718,504342
longley,514099,481781
longley,513919,484105
longley,505279,481750
longley,507022,492440
longley,498054,486520
longley,506623,483858
longley,504596,487702
longley,498747,483908
longley,492977,511215
longley,487674,513236
longley,455967,429243
longley,452630,420513
longley,455259,422783
longley,450488,417379
longley,459458,434668
longley,459134,435057
longley,456760,432298
longley,459031,433580
longley,449615,442180
longley,464408,452291
longley,457857,446363
longley,457815,455155
longley,466442,454597
longley,459213,456547
longley,457836,453754
longley,437690,410144
longley,440122,413694
longley,432739,416154
longley,443133,408180
longley,436626,410786
longley,432513,408854
longley,438464,409705
longley,429162,409290
longley,440124,411600
longley,433650,407214
longley,436219,405989
longley,436546,408533
longley,440390,399214
longley,441645,399161
longley,442976,399301
longley,454401,413568
longley,464177,402893
longley,464371,405640
longley,458094,405721
longley,459703,402864
longley,460107,419537
longley,450315,418545
longley,453845,401890
longley,450109,396696
longley,465276,404984
longley,458336,404630
longley,458799,413633
longley,457703,416121
longley,456005,413866
longley,457769,412022
longley,463586,411893
longley,463990,406892
longley,456020,395430
longley,458809,404520
longley,461029,403852
longley,448261,399206
longley,461737,416156
longley,451956,402996
longley,458098,398988
longley,462050,405501
longley,466019,403997
longley,454904,406836
longley,457071,401637
longley,449444,403910
longley,453619,401643
longley,446102,400407
longley,450597,397681
longley,453328,411015
longley,454285,411248
longley,443459,401225
longley,446865,403085
longley,439245,400091
longley,439737,397319
longley,455812,388368
longley,437134,387776
longley,446498,386407
longley,444705,391914
longley,439567,396910
longley,440834,395927
longley,446300,405395
longley,448500,386913
longley,443672,394567
longley,447610,387740
longley,446381,393500
longley,442672,404008
longley,448372,399923
longley,446140,403009
longley,439195,404087
longley,440253,402114
longley,443123,398631
longley,446295,399118
longley,448680,386563
longley,442404,382123
longley,441140,384700
longley,431157,382030
longley,434154,388085
longley,438237,381062
longley,442705,385816
longley,435329,397211
longley,434265,385145
longley,429608,395631
longley,438714,387748
longley,437652,387874
longley,441712,381443
longley,431232,397561
longley,433389,391004
longley,441792,382703
longley,442484,391076
longley,435162,390333
longley,437965,389535
longley,440090,389144
longley,439497,390127
longley,432772,391843
longley,438982,386676
longley,439969,387744
longley,433138,383999
longley,435181,391337
longley,433328,392339
longley,440167,379064
longley,447600,381423
longley,439771,381656
longley,436881,396511
longley,442100,382539
longley,441328,384889
longley,439016,396175
longley,440379,394978
longley,427987,387083
longley,435020,387878
longley,438442,379990
longley,435980,385203
longley,444701,386673
longley,429171,386596
longley,436906,392706
longley,433809,393550
longley,430929,385201
longley,436621,383356
longley,434798,388019
longley,435449,382183
longley,435735,388034
longley,430546,396310
longley,440387,390326
longley,436321,385998
longley,434473,388919
longley,437298,386209
longley,433924,379595
longley,434517,386311
longley,440625,380749
longley,430707,395322
longley,437859,386779
longley,429451,382529
longley,437998,394296
longley,431184,391460
longley,442877,392341
longley,434539,391930
longley,438816,394006
longley,427366,382504
longley,444169,382706
longley,432185,375686
longley,435250,377213
longley,443432,386432
longley,442942,379919
longley,436219,383373
longley,444885,383865
longley,442255,383521
longley,442422,389135
longley,432497,392098
longley,432740,391133
longley,431080,379166
longley,432818,390649
longley,412493,432228
longley,409230,437151
longley,412267,433072
longley,411630,438536
longley,419847,434447
longley,420753,440839
longley,422694,439886
longley,410716,437113
longley,410199,437318
longley,408423,435851
longley,419817,439701
longley,417703,433031
longley,420479,431580
longley,417169,431500
longley,416450,434031
longley,417068,436788
longley,417751,442237
longley,407832,444445
longley,411118,446911
longley,403643,442075
longley,406750,441169
longley,401069,432853
longley,402976,441209
longley,406951,438456
longley,401739,438828
longley,414628,437558
longley,411111,440087
longley,410508,441974
longley,411678,417447
longley,412596,419363
longley,410172,421305
longley,408618,427770
longley,416243,419340
longley,416329,418994
longley,417252,421978
longley,410293,425843
longley,409526,416376
longley,404485,417294
longley,440229,490682
longley,492180,405257
longley,486644,406019
longley,488269,406098
longley,434983,385741
longley,430872,381963
longley,430859,409831
longley,430731,403216
longley,441188,406688
longley,434149,409679
longley,456321,419983
longley,522920,465099
longley,567620,104340
longley,580181,111430
longley,585217,109086
longley,578671,111363
longley,580950,109821
longley,583300,111867
longley,577725,108932
longley,576982,115570
longley,580680,113033
longley,573273,107902
longley,581429,111892
longley,579287,107961
longley,578137,118144
longley,575050,113582
longley,571349,120943
longley,574098,118759
longley,573937,116210
longley,571388,112133
longley,566915,112243
longley,575005,109533
longley,570922,108133
longley,575412,113376
longley,586977,127785
longley,573829,108235
longley,568871,114747
longley,566098,109191
longley,566997,114406
longley,559030,126659
longley,555067,134034
longley,553584,131411
longley,549459,133617
longley,556198,129315
longley,552674,129739
longley,558489,102450
longley,555253,110323
longley,559385,104836
longley,554725,142354
longley,544718,116572
longley,472232,138760
longley,453467,114362
longley,444943,120466
longley,449032,116167
longley,443708,109158
longley,447359,107425
longley,446824,106092
longley,451366,103145
longley,457299,107249
longley,453975,104722
longley,456773,106637
longley,460960,102724
longley,448084,102368
longley,460764,106275
longley,455425,106227
longley,462690,101871
longley,458071,110275
longley,451615,110706
longley,452192,106373
longley,473171,110800
longley,469025,114205
longley,470770,114113
longley,471320,104244
longley,443308,108437
longley,440241,123188
longley,439454,117735
longley,443764,119874
longley,450916,130174
longley,442326,116433
longley,444644,115902
longley,446116,112657
longley,443478,117465
longley,434823,117045
longley,439959,116428
longley,440101,117262
longley,443861,112304
longley,445455,96876
longley,599918,142266
longley,600593,142172
longley,602388,142512
longley,600925,146908
longley,601275,146607
longley,600602,148414
longley,602384,147396
longley,602895,149857
longley,607435,143880
longley,609423,160570
longley,612793,152168
longley,611625,161275
longley,617372,153662
longley,613988,163102
longley,613606,156870
longley,618046,156594
longley,618613,158115
longley,617542,157880
longley,616142,162156
longley,617644,158780
longley,618173,153563
longley,622800,163189
longley,620546,170831
longley,617023,166725
longley,621627,170359
longley,617440,170810
longley,619234,167998
longley,620721,164840
longley,562023,173314
longley,558596,176238
longley,567319,173473
longley,559261,166284
longley,636263,154235
longley,633446,147005
longley,632008,144154
longley,626005,146613
longley,634351,160790
longley,635963,154432
longley,564686,167726
longley,562429,165580
longley,565137,166090
longley,588081,158751
longley,591565,161778
longley,586235,168027
longley,626365,166110
longley,629264,167373
longley,630802,166122
longley,627994,166924
longley,634996,168732
longley,633456,172161
longley,626807,172666
longley,642605,170250
longley,633419,172328
longley,634531,167207
longley,628822,170752
longley,630734,167766
longley,630622,171168
longley,629972,170952
longley,634640,166873
longley,635613,162348
longley,634084,164894
longley,634778,165358
longley,638411,167666
longley,636207,161219
longley,639923,165785
longley,641228,164297
longley,633089,165173
longley,635476,167555
longley,572121,156347
longley,573854,160440
longley,575865,159885
longley,566506,157809
longley,570206,159591
longley,567510,163906
longley,556238,147498
longley,558957,148405
longley,562240,142991
longley,560166,141989
longley,551909,148236
longley,555900,146702
longley,579143,129324
longley,573152,138094
longley,559722,141558
longley,564499,141496
longley,560518,139315
longley,560268,136393
longley,584919,167666
longley,579999,168079
longley,578106,168516
longley,578119,162316
longley,580837,166788
longley,515487,168305
longley,516834,173407
longley,516937,172117
longley,517018,173104
longley,516481,169136
longley,518104,171636
longley,497915,146339
longley,495705,144656
longley,532633,156776
longley,528280,153983
longley,497195,165541
longley,499607,167368
longley,486763,153962
longley,537708,157909
longley,530220,156570
longley,538784,152909
longley,543164,154229
longley,540682,153016
longley,536810,157274
longley,501862,137319
longley,485013,153069
longley,485328,150709
longley,495771,140502
longley,490580,144774
longley,501627,147450
longley,494418,135006
longley,500751,162364
longley,502777,161823
longley,498276,156612
longley,499802,102215
longley,491716,101023
longley,490681,100232
longley,489543,102722
longley,506568,102396
longley,501901,103315
longley,498227,99034
longley,504103,107607
longley,498579,103156
longley,510905,107367
longley,504224,106092
longley,490325,105785
longley,473024,101716
longley,489498,133303
longley,485333,133922
longley,489622,127527
longley,485603,132296
longley,533536,131878
longley,532949,137699
longley,530707,139938
longley,527993,138948
longley,528271,132652
longley,531764,137739
longley,525328,132097
longley,526035,137877
longley,511609,128369
longley,515904,128409
longley,523603,128641
longley,516333,128466
longley,513554,128196
longley,518928,135633
longley,515896,134288
longley,513505,132792
longley,514976,128713
longley,531437,118016
longley,540424,140365
longley,539780,143260
longley,536249,138630
longley,544061,137396
longley,530793,118955
longley,531171,121899
longley,533015,121815
longley,538023,123073
longley,511695,106171
longley,514039,100585
longley,513728,104940
longley,513438,103156
longley,515837,103559
longley,556831,96235
longley,565569,101774
longley,576152,109715
longley,555226,133053
longley,556451,139438
longley,442091,150262
longley,440759,107620
longley,447660,106147
longley,586228,142995
longley,615926,153622
longley,615865,168645
longley,638800,156017
longley,631775,145878
longley,545159,150400
longley,547010,143810
longley,543546,151334
longley,550475,144199
longley,543659,146924
longley,543047,144613
longley,547390,171644
longley,553314,167757
longley,552030,166319
longley,555813,162550
longley,593398,159653
longley,635607,167713
longley,641670,163626
longley,579199,135663
longley,572486,128068
longley,556087,138177
longley,538831,157567
longley,492243,97607
longley,498559,104624
longley,513651,133979
longley,510186,105449
longley,511178,99904
longley,510641,101607
longley,533149,161802
longley,636462,164566
longley,630619,169541
longley,630424,164902
longley,634942,151969
longley,630321,151374
longley,625590,152606
longley,627167,156792
longley,458176,91114
longley,463724,81272
longley,432114,84489
longley,518545,127631
longley,504433,123167
longley,505000,129676
longley,512002,130212
longley,533862,127559
longley,541690,127663
longley,506810,118018
longley,546039,155543
longley,543037,147972
longley,440901,115651
longley,438671,115509
longley,431884,131208
longley,566662,137076
longley,564946,143520
longley,539182,157954
longley,541047,160388
longley,584026,126562
longley,580089,124363
longley,557151,117754
longley,555891,115988
longley,600362,142262
longley,603383,142772
longley,601114,145053
longley,596099,146995
longley,599352,149037
longley,550648,142057
longley,551743,141668
longley,576194,108936
longley,576113,107462
longley,579030,106229
longley,495208,368731
longley,459752,403611
longley,448467,396703
longley,354260,336864
longley,349625,344676
longley,355326,337080
longley,356875,341649
longley,347339,275870
longley,427472,298055
longley,424997,300209
longley,425326,300969
longley,424976,302225
longley,426313,299975
longley,403633,276975
longley,405112,289637
longley,485083,157012
longley,404655,278588
longley,406094,283185
longley,411724,284415
longley,395049,290916
longley,405820,279960
longley,409029,302024
longley,409102,301890
longley,402422,302370
longley,403990,307961
longley,399821,306171
longley,354640,271535
longley,347403,278013
longley,401103,290610
longley,412437,283548
longley,380038,215371
longley,414793,93343
longley,419570,101228
longley,414012,96615
longley,507829,256911
longley,504722,246758
longley,504221,250519
longley,495333,257836
longley,505706,248323
longley,518130,239664
longley,504638,225841
longley,501746,225534
longley,504351,227001
longley,509057,220444
longley,503209,225187
longley,481797,165862
longley,486233,163859
longley,484042,169034
longley,486089,169426
longley,487066,158744
longley,488039,165596
longley,492243,184290
longley,498638,182035
longley,495180,174925
longley,482389,183044
longley,491062,177806
longley,490867,176921
longley,409968,343089
longley,408486,343329
longley,412292,349102
longley,495892,188681
longley,498526,188759
longley,493112,188253
longley,485397,197130
longley,483026,202049
longley,502819,207456
longley,507637,213074
longley,509479,209692
longley,491847,210531
longley,522021,203357
longley,520269,224128
longley,516384,202238
longley,520229,210657
longley,512773,207932
longley,522807,212027
longley,503243,253879
longley,491397,170696
longley,482583,181645
longley,535177,183050
longley,467823,153726
longley,517502,358371
longley,524751,357314
longley,278345,60224
longley,560490,269790
longley,562134,267621
longley,557974,268270
longley,553587,288523
longley,559645,283672
longley,555378,289258
longley,553115,291987
longley,552557,285940
longley,518629,264571
longley,528791,273846
longley,520342,294516
longley,545221,263353
longley,518617,251162
longley,518453,301614
longley,512861,303426
longley,514142,302512
longley,568226,194723
longley,569671,190880
longley,565787,189220
longley,571547,186353
longley,575628,195161
longley,581688,187769
longley,572816,213798
longley,582258,196446
longley,570204,204638
longley,605576,231371
longley,601156,223420
longley,540407,197371
longley,541788,210466
longley,549592,205200
longley,543074,208937
longley,542435,212339
longley,548918,213677
longley,550396,210328
longley,548791,212681
longley,594269,198163
longley,582630,187797
longley,608276,220936
longley,621096,231799
longley,623173,227954
longley,624796,227411
longley,608213,234674
longley,551646,227163
longley,580631,190968
longley,581671,191136
longley,586908,192826
longley,583740,187268
longley,585967,190138
longley,588087,190997
longley,585518,184290
longley,585092,184418
longley,590313,185027
longley,565495,179209
longley,557256,180017
longley,625773,311977
longley,618845,316611
longley,618036,316543
longley,626615,314062
longley,652677,313264
longley,644997,318793
longley,640997,318506
longley,642391,319720
longley,642310,320895
longley,619071,338769
longley,626817,339075
longley,635387,320794
longley,640026,316693
longley,634737,318267
longley,623326,306697
longley,620507,306804
longley,624284,305491
longley,568143,333927
longley,571235,342232
longley,563546,324385
longley,620111,241062
longley,621684,244667
longley,570542,247145
longley,565249,249216
longley,569567,250794
longley,564474,247242
longley,654945,287792
longley,652222,298789
longley,652154,297113
longley,653600,288988
longley,649642,296113
longley,569075,188097
longley,569929,189919
longley,567530,193351
longley,560992,195612
longley,564175,192095
longley,620589,230626
longley,584795,190370
longley,650784,308025
longley,608604,344311
longley,610900,343206
longley,562439,292223
longley,567544,260520
longley,608899,267748
longley,607991,272320
longley,646504,272239
longley,653350,288956
longley,649637,294703
longley,597686,203779
longley,596795,204427
longley,548002,223620
longley,600746,271459
longley,591643,310162
longley,639875,310394
longley,458039,339675
longley,392043,215049
longley,386925,216206
longley,390913,210586
longley,386687,208693
longley,385629,211062
longley,555531,172670
longley,449550,111362
longley,207289,234350
longley,209508,240753
longley,524331,427892
longley,522141,435789
longley,254018,301412
longley,314242,176202
longley,307133,379699
longley,304076,387311
longley,303769,383372
longley,303085,385747
longley,306183,251070
longley,262380,196870
longley,260385,200619
longley,285367,382798
longley,289541,378493
longley,283394,382001
longley,293335,192074
longley,286318,187505
longley,278419,178482
longley,303981,201195
longley,295736,201307
longley,300500,195899
longley,297082,192782
longley,315892,174827
longley,320752,170743
longley,313286,168052
longley,321704,174538
longley,338664,340917
longley,338437,345601
longley,278637,378851
longley,278779,383039
longley,284989,385682
longley,532563,180510
longley,384903,128645
longley,382121,131952
longley,412353,435103
longley,405665,433576
longley,433560,331766
longley,435886,331018
longley,463578,517990
longley,452940,518681
longley,453462,522886
longley,446478,515537
longley,450934,519161
longley,449311,517532
longley,452188,523056
longley,453192,515805
longley,448007,520098
longley,445737,519344
longley,441040,514644
longley,448542,513437
longley,443507,511867
longley,443430,514449
longley,443930,515206
longley,442334,520918
longley,444842,517515
longley,445805,519774
longley,443624,518052
longley,449242,515216
longley,438877,519193
longley,440090,520241
longley,439784,519103
longley,442518,519283
longley,439867,518167
longley,440109,510823
longley,443251,514168
longley,357758,482874
longley,362175,475377
longley,348992,488200
longley,407510,551205
longley,446923,540774
longley,443513,539489
longley,426544,528127
longley,430846,530448
longley,426915,524790
longley,427464,521912
longley,431409,527567
longley,424666,522003
longley,422859,529158
longley,427060,530349
longley,422135,529732
longley,433867,583395
longley,315095,258791
longley,310935,261963
longley,311876,266567
longley,326167,305456
longley,324621,304119
longley,384558,88213
longley,371418,164388
longley,364362,161886
longley,394729,222727
longley,388067,222361
longley,395389,222345
longley,354919,216427
longley,355843,213846
longley,356326,211706
longley,357505,212515
longley,382888,216138
longley,385846,214135
longley,380353,211454
longley,383214,217745
longley,387708,220331
longley,386993,218476
longley,384024,217355
longley,383426,220215
longley,388335,219362
longley,387717,218377
longley,385312,221786
longley,388415,217845
longley,380614,214562
longley,428925,526722
longley,405238,272458
longley,386976,251286
longley,402649,242239
longley,403398,240087
longley,402421,246810
longley,459154,203283
longley,457243,201171
longley,456078,200298
longley,455741,204391
longley,454616,206053
longley,448141,201665
longley,452449,211417
longley,474718,200458
longley,475011,202205
longley,447525,195246
longley,463266,186669
longley,437852,189028
longley,438827,184819
longley,421909,152180
longley,427744,148341
longley,404143,161588
longley,394029,172880
longley,383912,182202
longley,415970,123811
longley,413160,117614
longley,422627,116931
longley,421751,117783
longley,416432,116688
longley,409228,137012
longley,397947,126655
longley,390938,124607
longley,381513,159236
longley,391991,146959
longley,414475,187718
longley,413149,185696
longley,414508,185321
longley,415022,242753
longley,627420,271144
longley,381437,405394
longley,489356,185459
longley,404578,493251
longley,401613,494313
longley,532883,183946
longley,362777,353205
longley,435131,390362
longley,385468,121549
longley,393432,104313
longley,390300,107920
longley,387264,106471
longley,435197,387709
longley,342115,375095
longley,463068,514638
longley,426530,87391
longley,436872,387730
longley,437471,383132
longley,432222,381747
longley,472627,105329
longley,329021,364575
longley,447356,518138
longley,520778,231455
longley,521045,224538
longley,542444,207710
longley,543741,211146
longley,397946,306618
longley,576358,151720
longley,587453,161926
longley,578124,166278
longley,181618,62547
longley,337015,331018
longley,446480,544732
longley,508954,174775
longley,402324,93143
longley,421884,403444
longley,421925,407750
longley,577172,148821
longley,574601,156762
longley,576199,153299
longley,381688,258701
longley,448298,513912
longley,453707,384908
longley,454461,384400
longley,405160,288991
longley,408958,285059
longley,486273,306022
longley,438951,265032
longley,582338,135561
longley,407224,431418
longley,502698,454491
longley,500919,455924
longley,501827,424120
longley,430505,402424
longley,436026,410817
longley,433825,397464
longley,445977,389034
longley,470683,194670
longley,473894,185475
longley,473128,186218
longley,470331,191943
longley,473876,322418
longley,544045,103049
longley,540999,104430
longley,549315,109233
longley,551085,116591
longley,554147,109798
longley,552314,111875
longley,554501,117255
longley,551799,117481
longley,529375,177553
longley,449459,301066
longley,433650,379118
longley,437327,378025
longley,436634,380835
longley,429350,381669
longley,429623,374438
longley,340977,446515
longley,445499,128896
longley,450138,130180
longley,458145,511061
longley,460923,513153
longley,506361,374513
longley,502047,382454
longley,506601,385696
longley,507535,386588
longley,463313,450853
longley,459530,444202
longley,445466,118472
longley,630116,156188
longley,624677,156654
longley,632785,159105
longley,629487,161927
longley,630182,145809
longley,409135,426727
longley,601593,170520
longley,420902,348079
longley,253427,368825
longley,249872,368867
longley,374520,392529
longley,358482,506080
longley,534978,133753
longley,532378,127819
longley,540838,135157
longley,536124,135020
longley,406166,185216
longley,383017,397932
longley,379778,396599
longley,394270,302040
longley,394361,399178
longley,395529,394695
longley,490349,508846
longley,322432,175129
longley,193089,47804
longley,192484,49002
longley,501825,426746
longley,405290,439150
longley,451689,346776
longley,511635,181931
longley,516233,177974
longley,522225,176825
longley,262733,686427
longley,263238,682484
longley,282117,690937
longley,300092,718990
longley,293194,715546
longley,515891,170127
longley,522970,172562
longley,295103,824428
longley,303682,827034
longley,185201,886514
longley,186239,887285
longley,304558,855725
longley,304108,861849
longley,302376,860716
longley,308867,854795
longley,356368,1007370
longley,479278,169983
longley,481768,173975
longley,481658,167395
longley,479348,168541
longley,477468,167888
longley,475023,169292
longley,481578,168440
longley,534427,199238
longley,532659,199855
longley,480654,259724
longley,478552,263067
longley,480276,264487
longley,476318,261254
longley,477254,260477
longley,411470,841918
longley,417945,843269
longley,402114,849203
longley,375958,777481
longley,473202,256919
longley,472903,264169
longley,362390,174237
longley,470583,122671
longley,462156,104216
longley,467254,96690
longley,466108,100420
longley,464253,95872
longley,358283,177446
longley,346419,312183
longley,531346,140338
longley,533140,145299
longley,529408,148159
longley,454487,390526
longley,505206,430293
longley,505346,433216
longley,502010,428902
longley,517100,444723
longley,471961,452087
longley,481526,455487
longley,518651,468336
longley,334386,101355
longley,339311,102393
longley,499490,407753
longley,506013,403905
longley,506140,401336
longley,477028,150299
longley,454243,423072
longley,453185,417712
longley,452698,417018
longley,447848,419340
longley,496034,366319
longley,406504,438745
longley,401259,439665
longley,474692,282850
longley,478487,326294
longley,476076,333746
longley,529024,134272
longley,477921,475061
longley,385883,333989
longley,382116,340299
longley,384279,337103
longley,450857,340976
longley,535206,186720
longley,531924,320502
longley,565380,183130
longley,561243,178011
longley,561356,179558
longley,380472,465418
longley,563030,247945
longley,565062,245458
longley,570332,246180
longley,569489,242276
longley,564737,243773
longley,564554,210661
longley,568369,115901
longley,522491,189964
longley,565651,124963
longley,566414,125193
longley,564696,119976
longley,522853,189385
longley,419056,425506
longley,442599,116561
longley,576285,112564
longley,462927,381948
longley,399334,267500
longley,401793,265637
longley,564406,249416
longley,388183,215136
longley,388992,211589
longley,536548,139019
longley,586866,165485
longley,588671,156809
longley,593682,159098
longley,590081,158811
longley,588875,158597
longley,586599,161925
longley,587540,164104
longley,253677,367307
longley,257137,368551
longley,254490,375402
longley,291425,182469
longley,290822,186841
longley,289570,181112
longley,427345,510900
longley,429635,512162
longley,426783,399557
longley,420762,404554
longley,368338,357447
longley,369503,358572
longley,371077,389248
longley,545754,303759
longley,386957,362802
longley,388755,358199
longley,436035,389289
longley,636336,164588
longley,430031,314823
longley,442384,326793
longley,444602,325777
longley,271657,317134
longley,427402,485081
longley,435257,492403
longley,432471,489469
longley,497845,487290
longley,501012,487574
longley,505420,486007
longley,530755,172137
longley,533773,173473
longley,534418,176604
longley,536205,178862
longley,533097,171948
longley,512644,216397
longley,426233,527474
longley,429393,534977
longley,429438,531485
longley,484987,147645
longley,483143,146958
longley,574134,153095
longley,579015,156128
longley,574451,161023
longley,577040,156788
longley,572377,153270
longley,579559,155022
longley,576399,154754
longley,577366,152090
longley,574915,154991
longley,577073,154791
longley,588659,146060
longley,572881,156347
longley,577696,158284
longley,576754,158069
longley,572557,154718
longley,576145,149319
longley,577411,155319
longley,578972,151536
longley,580378,158991
longley,574217,154682
longley,574353,152889
longley,585931,158435
longley,579060,165004
longley,582545,159248
longley,577941,140477
longley,615245,254139
longley,634793,274056
longley,524907,209736
longley,580564,112220
longley,514232,100252
longley,514789,109988
longley,515828,108015
longley,457466,336839
longley,303077,663146
longley,309632,671493
longley,302184,667486
longley,302100,666442
longley,302790,669715
longley,306564,670073
longley,308872,669655
longley,550066,254212
longley,541217,258129
longley,308491,382447
longley,590295,144538
longley,396343,397946
longley,394024,400489
longley,397277,399652
longley,397830,399508
longley,391248,397717
longley,366782,429731
longley,459020,455856
longley,454894,458675
longley,505763,126834
longley,506945,124992
longley,508752,126646
longley,510910,123178
longley,515913,127085
longley,381488,88146
longley,528793,197280
longley,521506,187037
longley,528736,197048
longley,521854,194745
longley,529068,187607
longley,530220,189228
longley,525992,188734
longley,522688,196096
longley,517008,190149
longley,521785,187755
longley,520963,179138
longley,525930,185377
longley,512957,429634
longley,511511,434296
longley,515300,435379
longley,509906,436141
longley,504333,431223
longley,512883,428802
longley,506331,440460
longley,505113,432685
longley,509513,430599
longley,507126,434377
longley,507707,437193
longley,508845,434760
longley,503781,429568
longley,511025,433516
longley,512029,429478
longley,509399,429226
longley,501341,430525
longley,500475,429437
longley,510438,432714
longley,508611,434571
longley,514544,435465
longley,502717,431894
longley,502814,432014
longley,501439,428860
longley,506631,430166
longley,512847,432634
longley,511959,426163
longley,503730,431131
longley,504415,434385
longley,503085,428126
longley,509026,428240
longley,514694,435610
longley,512478,431221
longley,514736,436747
longley,512570,435352
longley,510369,438751
longley,507487,433614
longley,507118,431836
longley,514247,430766
longley,516375,429290
longley,511269,435811
longley,507400,429933
longley,511379,434474
longley,506645,432734
longley,504306,433515
longley,508240,430373
longley,512469,430995
longley,507792,433359
longley,511730,435537
longley,509828,431276
longley,511468,434494
longley,510373,435640
longley,507138,429641
longley,512935,433232
longley,506243,422534
longley,503020,430601
longley,508765,429134
longley,510571,428765
longley,513042,433851
longley,509127,430196
longley,511482,435250
longley,508236,429865
longley,507726,432260
longley,511844,431655
longley,507954,436794
longley,522115,185005
longley,526092,178309
longley,526873,181642
longley,526930,110516
longley,525400,110175
longley,525279,109781
longley,528777,110446
longley,529830,107604
longley,532119,100728
longley,534754,108242
longley,532443,104904
longley,535868,101691
longley,536550,104318
longley,528613,113115
longley,528172,112160
longley,536897,112967
longley,532101,107605
longley,533634,106122
longley,533558,99164
longley,526399,108178
longley,542612,104945
longley,386278,410109
longley,383710,414217
longley,379616,414473
longley,389323,406158
longley,386839,409703
longley,389731,415224
longley,386155,415736
longley,387702,409741
longley,386344,414259
longley,389234,419776
longley,389524,416010
longley,391120,415608
longley,394213,419769
longley,395161,417582
longley,392754,421039
longley,362334,172992
longley,491918,367613
longley,493873,364927
longley,358400,178831
longley,328032,155001
longley,457403,297734
longley,461592,295751
longley,458472,304793
longley,460602,303706
longley,458417,297946
longley,462785,305402
longley,457650,299618
longley,483346,241755
longley,355199,140829
longley,358190,144522
longley,361660,147053
longley,367252,150026
longley,365296,151428
longley,487024,236963
longley,483045,234888
longley,491406,242051
longley,462108,273627
longley,476956,271455
longley,361584,176846
longley,367594,179468
longley,353927,121877
longley,360626,112171
longley,355119,117428
longley,351877,110939
longley,352987,112154
longley,351965,118709
longley,334460,108885
longley,334138,120840
longley,375712,132042
longley,374480,129787
longley,373240,132377
longley,461205,341255
longley,463553,334240
longley,462720,330140
longley,466233,320962
longley,465399,335760
longley,464488,339454
longley,454987,328484
longley,456081,334366
longley,460669,332774
longley,361006,174259
longley,469288,179849
longley,466108,178003
longley,402542,287324
longley,402313,292089
longley,360570,172657
longley,506192,174666
longley,506161,168948
longley,510369,174328
longley,518006,184332
longley,518599,174500
longley,528769,171604
longley,520579,178755
longley,528614,172782
longley,523130,177001
longley,518493,182637
longley,388586,350037
longley,384350,350450
longley,385506,345397
longley,390607,347809
longley,392725,349381
longley,389209,339711
longley,389343,348046
longley,381887,348925
longley,321391,478179
longley,318339,469265
longley,324058,479173
longley,460972,106848
longley,454868,102551
longley,458957,100050
longley,461705,100379
longley,460989,96253
longley,461216,99990
longley,461546,95768
longley,453145,99738
longley,336989,392828
longley,338297,396802
longley,340821,390389
longley,341865,395047
longley,340920,390938
longley,332579,390696
longley,336304,389583
longley,355712,400370
longley,353325,393756
longley,354572,399496
longley,346700,394134
longley,418893,302260
longley,341937,394570
longley,339623,396661
longley,341287,395736
longley,339999,394280
longley,330837,393213
longley,339479,401394
longley,329153,411300
longley,332275,408262
longley,336447,422039
longley,333197,415976
longley,335439,415689
longley,332964,399597
longley,334709,397023
longley,335232,402490
longley,328217,387364
longley,326391,393658
longley,394283,405987
longley,393889,405180
longley,389817,408384
longley,394611,407899
longley,389707,397387
longley,395579,402691
longley,399206,406320
longley,391053,404305
longley,391453,397736
longley,394370,399197
longley,392504,405535
longley,395644,398324
longley,387056,403980
longley,387978,403878
longley,394641,405147
longley,394387,405987
longley,401262,410649
longley,393535,409444
longley,399024,404410
longley,396547,405426
longley,395867,403697
longley,400442,406865
longley,397881,402084
longley,393715,409480
longley,394987,409777
longley,394102,407296
longley,398478,408857
longley,395626,404381
longley,396815,399142
longley,387445,403155
longley,388868,401794
longley,387717,399672
longley,388489,403143
longley,387383,404165
longley,577423,167714
longley,578895,171322
longley,571702,166634
longley,569408,172495
longley,574207,169665
longley,574865,163592
longley,579367,167171
longley,576313,167102
longley,435964,549151
longley,442748,549791
longley,442070,557954
longley,437279,558934
longley,437112,561098
longley,439369,557824
longley,435277,548770
longley,438467,550099
longley,436865,552341
longley,424818,552950
longley,441530,556320
longley,437335,555465
longley,436169,557948
longley,437495,557499
longley,431313,555389
longley,436308,558086
longley,428719,558149
longley,426240,557648
longley,427639,554120
longley,438085,558497
longley,436261,553026
longley,432507,554161
longley,432644,553723
longley,430301,558640
longley,424113,569960
longley,421361,564075
longley,428574,568942
longley,424496,562803
longley,420246,569425
longley,442695,551985
longley,428868,554358
longley,430221,557600
longley,443969,552431
longley,437814,552054
longley,434097,557585
longley,431658,553178
longley,440906,559312
longley,440147,552063
longley,433526,549363
longley,436204,550394
longley,436027,556527
longley,368570,307985
longley,351966,173036
longley,525671,170815
longley,523460,169210
longley,522801,166847
longley,528929,169446
longley,261804,657028
longley,263884,649619
longley,549609,142176
longley,605829,129233
longley,615546,134441
longley,625393,138164
longley,625775,136273
longley,620624,140971
longley,621423,136084
longley,624092,139862
longley,620327,140225
longley,618068,133634
longley,355166,178921
longley,521256,182322
longley,532097,182447
longley,530898,181555
longley,367543,171156
longley,369056,175770
longley,365719,167726
longley,365112,172631
longley,525100,162889
longley,524391,162660
longley,526389,159368
longley,527859,160541
longley,522130,106980
longley,519420,102007
longley,519835,106859
longley,519501,102715
longley,513954,107428
longley,522129,101391
longley,514552,108949
longley,521165,105635
longley,515910,99628
longley,518332,103503
longley,526464,102858
longley,519134,103148
longley,522740,102798
longley,521551,106947
longley,521120,101815
longley,527199,101022
longley,529329,109500
longley,526868,110203
longley,527995,100968
longley,524434,100389
longley,533130,179904
longley,542647,183244
longley,537703,182157
longley,538101,180293
longley,430082,419858
longley,436712,424433
longley,435756,427297
longley,436299,419970
longley,438163,420821
longley,438223,414591
longley,429463,419617
longley,432438,422764
longley,431540,429402
longley,430587,417540
longley,427279,415857
longley,427726,416619
longley,431993,422031
longley,435565,417891
longley,435180,417695
longley,431052,421100
longley,432303,425748
longley,426727,417029
longley,435195,418921
longley,437470,418536
longley,433911,411549
longley,431175,411547
longley,435765,417742
longley,437283,425777
longley,436581,422223
longley,434681,415870
longley,425946,418884
longley,430180,423028
longley,435256,423717
longley,446316,418987
longley,443499,417733
longley,438249,425584
longley,435243,420621
longley,441050,419644
longley,439627,419278
longley,447043,416479
longley,435533,426874
longley,432891,426063
longley,431674,422569
longley,432822,429851
longley,436578,422621
longley,428822,426812
longley,434204,416020
longley,431921,414880
longley,437784,423922
longley,444870,423378
longley,437584,421477
longley,445743,421466
longley,445155,426854
longley,436084,428030
longley,432740,422832
longley,426921,422433
longley,430833,417619
longley,428117,426397
longley,435932,425804
longley,433799,425406
longley,446766,421185
longley,437502,423958
longley,432889,425221
longley,444383,426424
longley,441959,427070
longley,437778,423003
longley,442402,420641
longley,440362,416625
longley,447544,422431
longley,439366,418404
longley,431771,419493
longley,440579,420119
longley,441816,421757
longley,439863,420698
longley,444405,420659
longley,446233,421794
longley,432683,423555
longley,441513,426989
longley,443767,426265
longley,444311,424014
longley,434007,418435
longley,426475,419910
longley,426363,418992
longley,427613,418904
longley,447548,413930
longley,445121,421363
longley,439373,420474
longley,433238,425440
longley,438384,420995
longley,442552,420720
longley,441916,424191
longley,440245,424971
longley,442790,422879
longley,441389,425128
longley,447084,423735
longley,443204,408434
longley,535046,183937
longley,310407,162273
longley,310227,171237
longley,306804,173983
longley,522791,160658
longley,527789,138971
longley,523861,155210
longley,523588,153172
longley,517945,154357
longley,522715,157674
longley,526772,159378
longley,522906,154527
longley,528459,152541
longley,520937,161152
longley,534171,153794
longley,524567,152859
longley,429618,432796
longley,424245,434245
longley,428138,428465
longley,430034,438309
longley,427357,434927
longley,421031,431368
longley,421330,432940
longley,424510,434923
longley,427058,435837
longley,424798,437499
longley,426789,432177
longley,433502,430158
longley,425271,433026
longley,425007,437023
longley,423811,439340
longley,426991,439178
longley,429722,438089
longley,427681,438505
longley,419970,439488
longley,429288,432825
longley,431145,431039
longley,430016,429706
longley,434846,437604
longley,437474,434116
longley,438346,430829
longley,425402,430022
longley,424472,437349
longley,425242,434201
longley,426562,445116
longley,423943,440067
longley,425965,435032
longley,422973,427898
longley,427388,429324
longley,424434,432817
longley,428964,430666
longley,420885,437872
longley,435425,423988
longley,429327,429087
longley,426744,435973
longley,429010,438612
longley,426181,431084
longley,434528,435991
longley,434550,438250
longley,426818,435099
longley,421601,430599
longley,418909,434048
longley,420367,429258
longley,427262,436876
longley,420197,430488
longley,424631,437569
longley,427717,436826
longley,428910,437561
longley,423969,436697
longley,427856,435165
longley,424144,430781
longley,430501,436014
longley,425306,431600
longley,427909,436302
longley,421938,433096
longley,426133,430917
longley,426921,428096
longley,424130,435195
longley,430825,438589
longley,429625,441063
longley,427951,433907
longley,428877,432010
longley,429307,431481
longley,432901,432092
longley,434834,439569
longley,428316,425954
longley,427912,440503
longley,424099,434711
longley,417723,437077
longley,418946,436905
longley,423926,429156
longley,417837,428287
longley,420318,436767
longley,421819,431787
longley,424536,431078
longley,420225,434483
longley,421680,440283
longley,421508,436204
longley,419791,442282
longley,420015,441383
longley,427047,438163
longley,443948,433484
longley,438275,445670
longley,415061,449189
longley,417558,443128
longley,422455,446520
longley,425415,446335
longley,423684,449497
longley,422345,449064
longley,425698,431837
longley,421966,429521
longley,428143,427263
longley,437872,422563
longley,432630,432532
longley,435559,427094
longley,431277,432622
longley,434607,426747
longley,433627,430120
longley,437347,428611
longley,437066,427095
longley,432800,428623
longley,433034,428855
longley,416921,447315
longley,438787,431050
longley,429646,444018
longley,428764,431071
longley,424009,425405
longley,430141,424087
longley,428533,427957
longley,420306,431587
longley,420017,438855
longley,422578,437256
longley,431265,422166
longley,426519,427370
longley,424950,427452
longley,421344,426181
longley,429587,424089
longley,415288,442450
longley,416063,443197
longley,432699,433317
longley,436591,368269
longley,439151,376248
longley,435421,375693
longley,439434,368869
longley,436596,370195
longley,470988,209239
longley,478295,210934
longley,473324,229618
longley,471675,229040
longley,481773,208919
longley,483840,212813
longley,481563,214543
longley,385564,393414
longley,388309,396545
longley,405989,413030
longley,412779,412607
longley,408073,418735
longley,405420,410143
longley,409039,418638
longley,413927,415254
longley,418270,409696
longley,410565,409864
longley,411113,417699
longley,411321,410886
longley,408166,415207
longley,415316,408432
longley,410543,405192
longley,417830,412109
longley,420137,410891
longley,415767,412806
longley,417764,405579
longley,410338,410743
longley,412918,412162
longley,413015,408954
longley,413494,419927
longley,417742,424823
longley,419691,418225
longley,414282,418976
longley,415804,423146
longley,422566,414657
longley,413339,415015
longley,420228,420013
longley,417334,418389
longley,418909,421930
longley,416237,421172
longley,421266,418769
longley,422715,420232
longley,417275,419065
longley,415695,417475
longley,416251,420602
longley,416199,414762
longley,415417,422659
longley,420005,423039
longley,417658,427537
longley,427410,416901
longley,421290,427121
longley,426649,420802
longley,425073,427670
longley,426993,421443
longley,418227,425064
longley,421340,430297
longley,422911,423855
longley,423591,413472
longley,423442,418080
longley,421094,418426
longley,422878,420438
longley,420500,430146
longley,423593,421977
longley,427081,414448
longley,427925,417895
longley,428468,429158
longley,423042,409550
longley,403888,410301
longley,407922,411544
longley,424414,425979
longley,421131,424073
longley,411589,404031
longley,414912,412525
longley,422554,411887
longley,418808,424617
longley,413884,411701
longley,415794,431850
longley,417738,428124
longley,390365,284235
longley,391686,810788
longley,386617,811076
longley,330825,669580
longley,322917,669742
longley,329459,670295
longley,319067,669306
longley,325006,673508
longley,327659,676213
longley,357371,177112
longley,532651,179814
longley,529010,179703
longley,509907,100262
longley,311949,345971
longley,316905,348084
longley,318588,672336
longley,432852,268539
longley,524910,175549
longley,367673,331880
longley,439177,428696
longley,182316,893556
longley,191129,884882
longley,512239,106190
longley,571051,191881
longley,384537,135067
longley,480321,165453
longley,607632,281739
longley,604535,273612
longley,511919,428428
longley,425573,492109
longley,638702,166658
longley,501462,425153
longley,526750,183308
longley,276162,90471
longley,533530,108250
longley,268786,313026
longley,521996,172612
longley,382226,407336
longley,521618,180163
longley,420212,439599
longley,551382,145434
longley,524941,120777
longley,531411,114239
longley,503051,367934
longley,417135,413534
longley,411046,409472
longley,514890,429662
longley,506170,429459
longley,361898,176496
longley,379892,388046
longley,373518,388319
longley,353545,176883
longley,434018,418167
longley,441159,413200
longley,531572,178481
longley,544145,168620
longley,331106,385116
longley,517437,461917
longley,527000,190899
longley,404995,486526
longley,399634,487363
longley,535704,171724
longley,508998,168326
longley,489738,439199
longley,491686,442337
longley,248321,53249
longley,379808,82574
longley,639658,163612
longley,411578,415103
longley,184431,890809
longley,188935,889099
longley,602974,162339
longley,413266,89529
longley,309467,342758
longley,385314,397416
longley,552499,177961
longley,339249,368885
longley,335479,366048
longley,329687,374518
longley,339794,364192
longley,344002,368846
longley,345199,363431
longley,327419,362580
longley,311433,395210
longley,336232,376919
longley,425989,273249
longley,412190,410942
longley,448547,202335
